Name,Age,Income,Height,Weight,Gender
yash,54.0,121109.9,181.0,53,male
vansh,60.0,61784.89,174.42857142857142,72,male
subh,60.0,61430.45,180.0,111,female
dhub,57.142857142857146,84574.51857142858,160.0,100,male
bheem,60.0,88668.55,152.0,65,female
reem,74.0,32367.44,183.0,116,male
swem,38.0,105550.5,184.0,75,male
yash,54.0,121109.9,181.0,53,female
